-- phpMyAdmin SQL Dump
-- version 5.0.2
-- https://www.phpmyadmin.net/
--
-- Host: 127.0.0.1
-- Waktu pembuatan: 14 Jul 2022 pada 08.26
-- Versi server: 10.4.11-MariaDB
-- Versi PHP: 7.4.4

SET SQL_MODE = "NO_AUTO_VALUE_ON_ZERO";
START TRANSACTION;
SET time_zone = "+00:00";


/*!40101 SET @OLD_CHARACTER_SET_CLIENT=@@CHARACTER_SET_CLIENT */;
/*!40101 SET @OLD_CHARACTER_SET_RESULTS=@@CHARACTER_SET_RESULTS */;
/*!40101 SET @OLD_COLLATION_CONNECTION=@@COLLATION_CONNECTION */;
/*!40101 SET NAMES utf8mb4 */;

--
-- Database: `pt_mmm`
--

-- --------------------------------------------------------

--
-- Struktur dari tabel `tbl_bahanbaku`
--

CREATE TABLE `tbl_bahanbaku` (
  `id_bahanbaku` int(11) NOT NULL,
  `bahanbaku` varchar(50) NOT NULL,
  `satuan` varchar(50) NOT NULL,
  `deleted` int(1) NOT NULL,
  `create_by` varchar(50) NOT NULL,
  `create_date` date NOT NULL,
  `update_by` varchar(50) NOT NULL,
  `update_date` date NOT NULL
) ENGINE=InnoDB DEFAULT CHARSET=utf8mb4;

--
-- Dumping data untuk tabel `tbl_bahanbaku`
--

INSERT INTO `tbl_bahanbaku` (`id_bahanbaku`, `bahanbaku`, `satuan`, `deleted`, `create_by`, `create_date`, `update_by`, `update_date`) VALUES
(3, 'Cairan Kimias', 'Meter', 1, 'AnggaKP', '2022-07-12', 'AnggaKP', '2022-07-12');

-- --------------------------------------------------------

--
-- Struktur dari tabel `tbl_bsis`
--

CREATE TABLE `tbl_bsis` (
  `id_bsis` int(11) NOT NULL,
  `namaakun` varchar(50) NOT NULL,
  `normal` varchar(50) NOT NULL,
  `pengurang` varchar(50) NOT NULL,
  `bsis` varchar(50) NOT NULL,
  `akun` varchar(50) NOT NULL,
  `deleted` int(1) NOT NULL,
  `create_by` varchar(50) NOT NULL,
  `create_date` date NOT NULL,
  `update_by` varchar(50) NOT NULL,
  `update_date` date NOT NULL
) ENGINE=InnoDB DEFAULT CHARSET=utf8mb4;

--
-- Dumping data untuk tabel `tbl_bsis`
--

INSERT INTO `tbl_bsis` (`id_bsis`, `namaakun`, `normal`, `pengurang`, `bsis`, `akun`, `deleted`, `create_by`, `create_date`, `update_by`, `update_date`) VALUES
(2, 'CURRENT ASSETS', 'D', 'N', 'B', '1', 0, 'AnggaKP', '2022-07-13', 'AnggaKP', '2022-07-13'),
(3, 'FIXED ASSETS', 'D', 'N', 'B', '2', 0, 'AnggaKP', '2022-07-13', '', '0000-00-00'),
(4, 'LIABILITIES', 'C', 'N', 'B', '3', 0, 'AnggaKP', '2022-07-13', '', '0000-00-00'),
(5, 'EQUITY', 'C', 'N', 'B', '4', 0, 'AnggaKP', '2022-07-13', '', '0000-00-00'),
(6, 'INCOME', 'D', 'N', 'I', '5', 0, 'AnggaKP', '2022-07-13', '', '0000-00-00'),
(7, 'EXPENSE', 'C', 'Y', 'I', '6', 0, 'AnggaKP', '2022-07-13', '', '0000-00-00'),
(9, 'Contoh', 'D', 'Y', 'B', '7', 0, 'AnggaKP', '2022-07-14', '', '0000-00-00');

-- --------------------------------------------------------

--
-- Struktur dari tabel `tbl_clarity`
--

CREATE TABLE `tbl_clarity` (
  `id_clarity` int(11) NOT NULL,
  `clarity` varchar(50) NOT NULL,
  `deleted` int(1) NOT NULL,
  `create_by` varchar(50) NOT NULL,
  `create_date` date NOT NULL,
  `update_by` varchar(50) DEFAULT NULL,
  `update_date` date DEFAULT NULL
) ENGINE=InnoDB DEFAULT CHARSET=utf8mb4;

--
-- Dumping data untuk tabel `tbl_clarity`
--

INSERT INTO `tbl_clarity` (`id_clarity`, `clarity`, `deleted`, `create_by`, `create_date`, `update_by`, `update_date`) VALUES
(2, 'VVS2', 1, 'AnggaKP', '2022-07-11', 'AnggaKP', '2022-07-11'),
(4, 'VVS1', 0, 'AnggaKP', '2022-07-11', NULL, NULL),
(5, 'VVS3', 1, 'AnggaKP', '2022-07-12', 'AnggaKP', '2022-07-12'),
(6, 'VVS3', 1, 'AnggaKP', '2022-07-12', NULL, NULL),
(7, 'AS2', 0, 'AnggaKP', '2022-07-12', 'AnggaKP', '2022-07-12'),
(8, 'x', 1, 'AnggaKP', '2022-07-12', NULL, NULL),
(9, 'b', 1, 'AnggaKP', '2022-07-12', NULL, NULL);

-- --------------------------------------------------------

--
-- Struktur dari tabel `tbl_coa`
--

CREATE TABLE `tbl_coa` (
  `id_coa` int(11) NOT NULL,
  `kode` int(11) DEFAULT NULL,
  `akun` varchar(50) NOT NULL,
  `level` varchar(50) NOT NULL,
  `namaakun` varchar(50) NOT NULL,
  `headerdetail` varchar(50) DEFAULT NULL,
  `deleted` int(1) NOT NULL,
  `create_by` varchar(50) NOT NULL,
  `create_date` date NOT NULL,
  `update_by` varchar(50) NOT NULL,
  `update_date` date NOT NULL
) ENGINE=InnoDB DEFAULT CHARSET=utf8mb4;

--
-- Dumping data untuk tabel `tbl_coa`
--

INSERT INTO `tbl_coa` (`id_coa`, `kode`, `akun`, `level`, `namaakun`, `headerdetail`, `deleted`, `create_by`, `create_date`, `update_by`, `update_date`) VALUES
(2, 2, '2', '1', 'FIXED ASSETS', 'H', 0, 'AnggaKP', '2022-07-13', 'AnggaKP', '2022-07-13'),
(3, 3, '3', '1', 'LIABILITIES', 'H', 0, 'AnggaKP', '2022-07-13', '', '0000-00-00'),
(4, 4, '4', '1', 'EQUITY', 'H', 0, 'AnggaKP', '2022-07-13', '', '0000-00-00'),
(5, 5, '5', '1', 'INCOME', 'H', 0, 'AnggaKP', '2022-07-13', '', '0000-00-00'),
(6, 6, '6', '1', 'EXPENSE', 'H', 0, 'AnggaKP', '2022-07-13', 'AnggaKP', '2022-07-13'),
(34, 1, '1', '1', 'CURRENT ASSETS', 'H', 0, 'AnggaKP', '2022-07-13', 'AnggaKP', '2022-07-13'),
(90, 1, '10', '2', 'KAS - BANK ', 'D', 1, 'AnggaKP', '2022-07-13', 'AnggaKP', '2022-07-14');

-- --------------------------------------------------------

--
-- Struktur dari tabel `tbl_color`
--

CREATE TABLE `tbl_color` (
  `id_color` int(11) NOT NULL,
  `color` varchar(50) NOT NULL,
  `deleted` int(1) NOT NULL,
  `create_by` varchar(50) NOT NULL,
  `create_date` date NOT NULL,
  `update_by` varchar(50) DEFAULT NULL,
  `update_date` date DEFAULT NULL
) ENGINE=InnoDB DEFAULT CHARSET=utf8mb4;

--
-- Dumping data untuk tabel `tbl_color`
--

INSERT INTO `tbl_color` (`id_color`, `color`, `deleted`, `create_by`, `create_date`, `update_by`, `update_date`) VALUES
(2, 'G/H', 1, 'AnggaKP', '2022-07-11', 'AnggaKP', '2022-07-11'),
(3, 'D/E/F', 0, 'AnggaKP', '2022-07-12', 'AnggaKP', '2022-07-12'),
(4, 'G/H', 0, 'AnggaKP', '2022-07-12', 'AnggaKP', '2022-07-12'),
(5, 'D/E/F/H', 1, 'AnggaKP', '2022-07-12', 'AnggaKP', '2022-07-12'),
(6, 's', 1, 'AnggaKP', '2022-07-12', NULL, NULL),
(7, 'a', 1, 'AnggaKP', '2022-07-12', NULL, NULL),
(8, 'a', 1, 'AnggaKP', '2022-07-12', NULL, NULL),
(9, 'x', 1, 'AnggaKP', '2022-07-12', NULL, NULL),
(10, 'dsd12', 1, 'AnggaKP', '2022-07-12', 'AnggaKP', '2022-07-12');

-- --------------------------------------------------------

--
-- Struktur dari tabel `tbl_costcenter`
--

CREATE TABLE `tbl_costcenter` (
  `id_costcenter` int(11) NOT NULL,
  `kodecostcenter` varchar(50) NOT NULL,
  `namacostcenter` varchar(50) NOT NULL,
  `deleted` int(1) NOT NULL,
  `create_by` varchar(50) NOT NULL,
  `create_date` date NOT NULL,
  `update_by` varchar(50) NOT NULL,
  `update_date` date NOT NULL
) ENGINE=InnoDB DEFAULT CHARSET=utf8mb4;

--
-- Dumping data untuk tabel `tbl_costcenter`
--

INSERT INTO `tbl_costcenter` (`id_costcenter`, `kodecostcenter`, `namacostcenter`, `deleted`, `create_by`, `create_date`, `update_by`, `update_date`) VALUES
(6, '1', 'Contoh', 0, 'AnggaKP', '2022-07-13', '', '0000-00-00'),
(7, '2', 'Baik', 0, 'AnggaKP', '2022-07-13', '', '0000-00-00'),
(8, '3', 'Cantik', 0, 'AnggaKP', '2022-07-13', 'AnggaKP', '2022-07-13'),
(9, '21', 'Contoh lagi', 0, 'AnggaKP', '2022-07-13', '', '0000-00-00'),
(10, '12', 'Angga', 0, 'AnggaKP', '2022-07-13', '', '0000-00-00');

-- --------------------------------------------------------

--
-- Struktur dari tabel `tbl_detailbarang`
--

CREATE TABLE `tbl_detailbarang` (
  `id_detail` int(11) NOT NULL,
  `kode_jenis` varchar(50) NOT NULL,
  `kode_barang` varchar(50) NOT NULL,
  `samplesatu` varchar(50) DEFAULT NULL,
  `sampledua` varchar(50) DEFAULT NULL,
  `sampletiga` varchar(50) DEFAULT NULL,
  `sampleempat` varchar(50) DEFAULT NULL,
  `samplelima` varchar(50) DEFAULT NULL,
  `sampleenam` varchar(50) DEFAULT NULL
) ENGINE=InnoDB DEFAULT CHARSET=utf8mb4;

--
-- Dumping data untuk tabel `tbl_detailbarang`
--

INSERT INTO `tbl_detailbarang` (`id_detail`, `kode_jenis`, `kode_barang`, `samplesatu`, `sampledua`, `sampletiga`, `sampleempat`, `samplelima`, `sampleenam`) VALUES
(10, 'D00001', 'BRG-00001', 'contoh sample', 'Contoh sample dua', '-', '-', '-', '-');

-- --------------------------------------------------------

--
-- Struktur dari tabel `tbl_diagroup`
--

CREATE TABLE `tbl_diagroup` (
  `id_diagroup` int(11) NOT NULL,
  `diagroup` varchar(50) NOT NULL,
  `deleted` int(1) NOT NULL,
  `create_by` varchar(50) NOT NULL,
  `create_date` date NOT NULL,
  `update_by` varchar(50) DEFAULT NULL,
  `update_date` date DEFAULT NULL
) ENGINE=InnoDB DEFAULT CHARSET=utf8mb4;

--
-- Dumping data untuk tabel `tbl_diagroup`
--

INSERT INTO `tbl_diagroup` (`id_diagroup`, `diagroup`, `deleted`, `create_by`, `create_date`, `update_by`, `update_date`) VALUES
(5, 'MELE', 0, 'AnggaKP', '2022-07-12', NULL, NULL),
(6, 'STAR', 0, 'AnggaKP', '2022-07-12', NULL, NULL);

-- --------------------------------------------------------

--
-- Struktur dari tabel `tbl_diameter`
--

CREATE TABLE `tbl_diameter` (
  `id_diameter` int(11) NOT NULL,
  `id_diagroup` varchar(50) NOT NULL,
  `diameter_from` varchar(50) NOT NULL,
  `diameter_to` varchar(50) NOT NULL,
  `carat` varchar(50) NOT NULL,
  `deleted` int(1) NOT NULL,
  `create_by` varchar(50) NOT NULL,
  `create_date` date NOT NULL,
  `update_by` varchar(50) DEFAULT NULL,
  `update_date` date DEFAULT NULL
) ENGINE=InnoDB DEFAULT CHARSET=utf8mb4;

--
-- Dumping data untuk tabel `tbl_diameter`
--

INSERT INTO `tbl_diameter` (`id_diameter`, `id_diagroup`, `diameter_from`, `diameter_to`, `carat`, `deleted`, `create_by`, `create_date`, `update_by`, `update_date`) VALUES
(4, '5', '0,09', '0,11', '2', 0, 'AnggaKP', '2022-07-12', 'AnggaKP', '2022-07-12'),
(5, '6', '0,09', '0,11', '3', 0, 'AnggaKP', '2022-07-12', 'AnggaKP', '2022-07-12'),
(6, '6', '0,10', '0,12', '3', 0, 'AnggaKP', '2022-07-12', 'AnggaKP', '2022-07-12'),
(7, '5', '0,12', '0,15', '3', 0, 'AnggaKP', '2022-07-12', 'AnggaKP', '2022-07-12'),
(8, '5', '0,16', '0,17', '3', 0, 'AnggaKP', '2022-07-12', NULL, NULL);

-- --------------------------------------------------------

--
-- Struktur dari tabel `tbl_gold`
--

CREATE TABLE `tbl_gold` (
  `id_gold` int(11) NOT NULL,
  `gold` varchar(50) NOT NULL,
  `satuan` varchar(30) NOT NULL,
  `deleted` int(1) NOT NULL,
  `create_by` varchar(50) NOT NULL,
  `create_date` date NOT NULL,
  `update_by` varchar(50) NOT NULL,
  `update_date` date NOT NULL
) ENGINE=InnoDB DEFAULT CHARSET=utf8mb4;

--
-- Dumping data untuk tabel `tbl_gold`
--

INSERT INTO `tbl_gold` (`id_gold`, `gold`, `satuan`, `deleted`, `create_by`, `create_date`, `update_by`, `update_date`) VALUES
(3, 'White Gold 750', 'Gram', 1, 'AnggaKP', '2022-07-12', 'AnggaKP', '2022-07-12');

-- --------------------------------------------------------

--
-- Struktur dari tabel `tbl_karyawan`
--

CREATE TABLE `tbl_karyawan` (
  `id_karyawan` int(11) NOT NULL,
  `nik` varchar(20) NOT NULL,
  `nama` varchar(50) NOT NULL,
  `alamat` varchar(500) NOT NULL,
  `kota` varchar(50) NOT NULL,
  `provinsi` varchar(50) NOT NULL,
  `kodepos` varchar(50) NOT NULL,
  `phone` varchar(50) NOT NULL,
  `kontak` varchar(50) NOT NULL,
  `email` varchar(50) NOT NULL,
  `npwp` varchar(50) NOT NULL,
  `tanggalmasuk` date NOT NULL,
  `bagian` varchar(30) NOT NULL,
  `deleted` int(1) NOT NULL,
  `create_by` varchar(50) NOT NULL,
  `create_date` date NOT NULL,
  `update_by` varchar(50) NOT NULL,
  `update_date` date NOT NULL
) ENGINE=InnoDB DEFAULT CHARSET=utf8mb4;

--
-- Dumping data untuk tabel `tbl_karyawan`
--

INSERT INTO `tbl_karyawan` (`id_karyawan`, `nik`, `nama`, `alamat`, `kota`, `provinsi`, `kodepos`, `phone`, `kontak`, `email`, `npwp`, `tanggalmasuk`, `bagian`, `deleted`, `create_by`, `create_date`, `update_by`, `update_date`) VALUES
(5, '1271122810000003', 'Angga Kusuma Putra', 'Lingkungan Limusnunggal', 'Ciamis', 'Jawa Barat', '46211', '+6285861085294', 'Angga Kusuma Putra', 'anggakp@gmail.com', '123124512312451', '2022-07-13', 'Web Developer', 0, 'AnggaKP', '2022-07-12', 'AnggaKP', '2022-07-12');

-- --------------------------------------------------------

--
-- Struktur dari tabel `tbl_lawantransaksi`
--

CREATE TABLE `tbl_lawantransaksi` (
  `id_lawantransaksi` int(11) NOT NULL,
  `subaccount` varchar(15) NOT NULL,
  `nama` varchar(50) NOT NULL,
  `alamat` varchar(500) NOT NULL,
  `kota` varchar(50) NOT NULL,
  `provinsi` varchar(50) NOT NULL,
  `kodepos` varchar(50) NOT NULL,
  `phone` varchar(50) NOT NULL,
  `kontak` varchar(50) NOT NULL,
  `email` varchar(50) NOT NULL,
  `npwp` varchar(50) NOT NULL,
  `deleted` int(1) NOT NULL,
  `create_by` varchar(50) NOT NULL,
  `create_date` date NOT NULL,
  `update_by` varchar(50) NOT NULL,
  `update_date` date NOT NULL
) ENGINE=InnoDB DEFAULT CHARSET=utf8mb4;

--
-- Dumping data untuk tabel `tbl_lawantransaksi`
--

INSERT INTO `tbl_lawantransaksi` (`id_lawantransaksi`, `subaccount`, `nama`, `alamat`, `kota`, `provinsi`, `kodepos`, `phone`, `kontak`, `email`, `npwp`, `deleted`, `create_by`, `create_date`, `update_by`, `update_date`) VALUES
(3, '1234567891', 'PT. Mita Express, Peter Jonatan', 'Medan', 'Medan', 'Sumatra Utara', '46211', '+62812563211256', 'Nugroho Chandra, Slamet', 'peter@gmail.com', '12345678909', 1, 'AnggaKP', '2022-07-12', 'AnggaKP', '2022-07-12'),
(4, '123456789112', 'Angga Kusuma Putra', 'ciamis', 'Ciamis', 'jawa barat', '46211', '+6285861085294', 'Angga Kusuma Putra', 'angga@gmail.com', '12345678909', 0, 'AnggaKP', '2022-07-13', '', '0000-00-00');

-- --------------------------------------------------------

--
-- Struktur dari tabel `tbl_matauang`
--

CREATE TABLE `tbl_matauang` (
  `id_matauang` int(11) NOT NULL,
  `kodematauang` varchar(50) NOT NULL,
  `namamatauang` varchar(50) NOT NULL,
  `deleted` int(1) NOT NULL,
  `create_by` varchar(50) NOT NULL,
  `create_date` date NOT NULL,
  `update_by` varchar(50) NOT NULL,
  `update_date` date NOT NULL
) ENGINE=InnoDB DEFAULT CHARSET=utf8mb4;

--
-- Dumping data untuk tabel `tbl_matauang`
--

INSERT INTO `tbl_matauang` (`id_matauang`, `kodematauang`, `namamatauang`, `deleted`, `create_by`, `create_date`, `update_by`, `update_date`) VALUES
(3, 'USD', 'United State Dollar', 1, 'AnggaKP', '2022-07-12', 'AnggaKP', '2022-07-12');

-- --------------------------------------------------------

--
-- Struktur dari tabel `tbl_parcel`
--

CREATE TABLE `tbl_parcel` (
  `id_parcel` int(11) NOT NULL,
  `parcel` varchar(50) NOT NULL,
  `id_diameter` varchar(50) NOT NULL,
  `id_clarity` varchar(50) NOT NULL,
  `id_shape` varchar(50) NOT NULL,
  `id_color` varchar(50) NOT NULL,
  `deleted` varchar(1) NOT NULL,
  `create_by` varchar(50) NOT NULL,
  `create_date` date NOT NULL,
  `update_by` varchar(50) DEFAULT NULL,
  `update_date` date DEFAULT NULL
) ENGINE=InnoDB DEFAULT CHARSET=utf8mb4;

--
-- Dumping data untuk tabel `tbl_parcel`
--

INSERT INTO `tbl_parcel` (`id_parcel`, `parcel`, `id_diameter`, `id_clarity`, `id_shape`, `id_color`, `deleted`, `create_by`, `create_date`, `update_by`, `update_date`) VALUES
(12, 'P01CA', '4', '4', '2', '3', '0', 'AnggaKP', '2022-07-12', NULL, NULL),
(13, 'P01CA', '7', '4', '3', '3', '0', 'AnggaKP', '2022-07-12', NULL, NULL),
(14, 'P01CA', '8', '4', '2', '3', '0', 'AnggaKP', '2022-07-12', NULL, NULL),
(15, 'C01CA', '4', '4', '3', '4', '0', 'AnggaKP', '2022-07-12', NULL, NULL),
(16, 'C01CA', '7', '4', '3', '3', '0', 'AnggaKP', '2022-07-12', NULL, NULL);

-- --------------------------------------------------------

--
-- Struktur dari tabel `tbl_produk`
--

CREATE TABLE `tbl_produk` (
  `id_produk` int(11) NOT NULL,
  `jenis_produk` varchar(50) NOT NULL,
  `id_jenisproduk` varchar(15) NOT NULL
) ENGINE=InnoDB DEFAULT CHARSET=utf8mb4;

-- --------------------------------------------------------

--
-- Struktur dari tabel `tbl_shape`
--

CREATE TABLE `tbl_shape` (
  `id_shape` int(11) NOT NULL,
  `shape` varchar(50) NOT NULL,
  `deleted` int(1) NOT NULL,
  `create_by` varchar(50) NOT NULL,
  `create_date` date NOT NULL,
  `update_by` varchar(50) DEFAULT NULL,
  `update_date` date DEFAULT NULL
) ENGINE=InnoDB DEFAULT CHARSET=utf8mb4;

--
-- Dumping data untuk tabel `tbl_shape`
--

INSERT INTO `tbl_shape` (`id_shape`, `shape`, `deleted`, `create_by`, `create_date`, `update_by`, `update_date`) VALUES
(1, 'Marquise', 1, 'AnggaKP', '2022-07-11', 'AnggaKP', '2022-07-11'),
(2, 'Round', 0, 'AnggaKP', '2022-07-12', NULL, NULL),
(3, 'Marquise', 0, 'AnggaKP', '2022-07-12', 'AnggaKP', '2022-07-12'),
(4, 'Round1', 1, 'AnggaKP', '2022-07-12', NULL, NULL),
(5, 'a', 1, 'AnggaKP', '2022-07-12', NULL, NULL),
(6, 'c', 1, 'AnggaKP', '2022-07-12', NULL, NULL),
(7, 'z', 1, 'AnggaKP', '2022-07-12', NULL, NULL),
(8, 'ad', 1, 'AnggaKP', '2022-07-12', NULL, NULL);

-- --------------------------------------------------------

--
-- Struktur dari tabel `tbl_user`
--

CREATE TABLE `tbl_user` (
  `id_user` int(11) NOT NULL,
  `nama` varchar(130) NOT NULL,
  `username` varchar(50) NOT NULL,
  `image` varchar(130) NOT NULL,
  `password` varchar(250) NOT NULL,
  `role_id` int(11) NOT NULL,
  `is_active` int(1) NOT NULL,
  `tanggal_daftar` date NOT NULL
) ENGINE=InnoDB DEFAULT CHARSET=latin1;

--
-- Dumping data untuk tabel `tbl_user`
--

INSERT INTO `tbl_user` (`id_user`, `nama`, `username`, `image`, `password`, `role_id`, `is_active`, `tanggal_daftar`) VALUES
(1, 'AnggaKP', 'anggakp', 'add.png', '$2y$10$zgQDm4gaA4JQFtwWDv3e5eN7CXV4uhSaP1b.Oj0fkwfpZz4ENzKfu', 1, 1, '2021-01-01');

--
-- Indexes for dumped tables
--

--
-- Indeks untuk tabel `tbl_bahanbaku`
--
ALTER TABLE `tbl_bahanbaku`
  ADD PRIMARY KEY (`id_bahanbaku`);

--
-- Indeks untuk tabel `tbl_bsis`
--
ALTER TABLE `tbl_bsis`
  ADD PRIMARY KEY (`id_bsis`);

--
-- Indeks untuk tabel `tbl_clarity`
--
ALTER TABLE `tbl_clarity`
  ADD PRIMARY KEY (`id_clarity`);

--
-- Indeks untuk tabel `tbl_coa`
--
ALTER TABLE `tbl_coa`
  ADD PRIMARY KEY (`id_coa`);

--
-- Indeks untuk tabel `tbl_color`
--
ALTER TABLE `tbl_color`
  ADD PRIMARY KEY (`id_color`);

--
-- Indeks untuk tabel `tbl_costcenter`
--
ALTER TABLE `tbl_costcenter`
  ADD PRIMARY KEY (`id_costcenter`);

--
-- Indeks untuk tabel `tbl_detailbarang`
--
ALTER TABLE `tbl_detailbarang`
  ADD PRIMARY KEY (`id_detail`);

--
-- Indeks untuk tabel `tbl_diagroup`
--
ALTER TABLE `tbl_diagroup`
  ADD PRIMARY KEY (`id_diagroup`);

--
-- Indeks untuk tabel `tbl_diameter`
--
ALTER TABLE `tbl_diameter`
  ADD PRIMARY KEY (`id_diameter`);

--
-- Indeks untuk tabel `tbl_gold`
--
ALTER TABLE `tbl_gold`
  ADD PRIMARY KEY (`id_gold`);

--
-- Indeks untuk tabel `tbl_karyawan`
--
ALTER TABLE `tbl_karyawan`
  ADD PRIMARY KEY (`id_karyawan`);

--
-- Indeks untuk tabel `tbl_lawantransaksi`
--
ALTER TABLE `tbl_lawantransaksi`
  ADD PRIMARY KEY (`id_lawantransaksi`);

--
-- Indeks untuk tabel `tbl_matauang`
--
ALTER TABLE `tbl_matauang`
  ADD PRIMARY KEY (`id_matauang`);

--
-- Indeks untuk tabel `tbl_parcel`
--
ALTER TABLE `tbl_parcel`
  ADD PRIMARY KEY (`id_parcel`);

--
-- Indeks untuk tabel `tbl_produk`
--
ALTER TABLE `tbl_produk`
  ADD PRIMARY KEY (`id_produk`);

--
-- Indeks untuk tabel `tbl_shape`
--
ALTER TABLE `tbl_shape`
  ADD PRIMARY KEY (`id_shape`);

--
-- Indeks untuk tabel `tbl_user`
--
ALTER TABLE `tbl_user`
  ADD PRIMARY KEY (`id_user`);

--
-- AUTO_INCREMENT untuk tabel yang dibuang
--

--
-- AUTO_INCREMENT untuk tabel `tbl_bahanbaku`
--
ALTER TABLE `tbl_bahanbaku`
  MODIFY `id_bahanbaku` int(11) NOT NULL AUTO_INCREMENT, AUTO_INCREMENT=4;

--
-- AUTO_INCREMENT untuk tabel `tbl_bsis`
--
ALTER TABLE `tbl_bsis`
  MODIFY `id_bsis` int(11) NOT NULL AUTO_INCREMENT, AUTO_INCREMENT=10;

--
-- AUTO_INCREMENT untuk tabel `tbl_clarity`
--
ALTER TABLE `tbl_clarity`
  MODIFY `id_clarity` int(11) NOT NULL AUTO_INCREMENT, AUTO_INCREMENT=10;

--
-- AUTO_INCREMENT untuk tabel `tbl_coa`
--
ALTER TABLE `tbl_coa`
  MODIFY `id_coa` int(11) NOT NULL AUTO_INCREMENT, AUTO_INCREMENT=95;

--
-- AUTO_INCREMENT untuk tabel `tbl_color`
--
ALTER TABLE `tbl_color`
  MODIFY `id_color` int(11) NOT NULL AUTO_INCREMENT, AUTO_INCREMENT=11;

--
-- AUTO_INCREMENT untuk tabel `tbl_costcenter`
--
ALTER TABLE `tbl_costcenter`
  MODIFY `id_costcenter` int(11) NOT NULL AUTO_INCREMENT, AUTO_INCREMENT=11;

--
-- AUTO_INCREMENT untuk tabel `tbl_detailbarang`
--
ALTER TABLE `tbl_detailbarang`
  MODIFY `id_detail` int(11) NOT NULL AUTO_INCREMENT, AUTO_INCREMENT=11;

--
-- AUTO_INCREMENT untuk tabel `tbl_diagroup`
--
ALTER TABLE `tbl_diagroup`
  MODIFY `id_diagroup` int(11) NOT NULL AUTO_INCREMENT, AUTO_INCREMENT=13;

--
-- AUTO_INCREMENT untuk tabel `tbl_diameter`
--
ALTER TABLE `tbl_diameter`
  MODIFY `id_diameter` int(11) NOT NULL AUTO_INCREMENT, AUTO_INCREMENT=9;

--
-- AUTO_INCREMENT untuk tabel `tbl_gold`
--
ALTER TABLE `tbl_gold`
  MODIFY `id_gold` int(11) NOT NULL AUTO_INCREMENT, AUTO_INCREMENT=4;

--
-- AUTO_INCREMENT untuk tabel `tbl_karyawan`
--
ALTER TABLE `tbl_karyawan`
  MODIFY `id_karyawan` int(11) NOT NULL AUTO_INCREMENT, AUTO_INCREMENT=6;

--
-- AUTO_INCREMENT untuk tabel `tbl_lawantransaksi`
--
ALTER TABLE `tbl_lawantransaksi`
  MODIFY `id_lawantransaksi` int(11) NOT NULL AUTO_INCREMENT, AUTO_INCREMENT=5;

--
-- AUTO_INCREMENT untuk tabel `tbl_matauang`
--
ALTER TABLE `tbl_matauang`
  MODIFY `id_matauang` int(11) NOT NULL AUTO_INCREMENT, AUTO_INCREMENT=4;

--
-- AUTO_INCREMENT untuk tabel `tbl_parcel`
--
ALTER TABLE `tbl_parcel`
  MODIFY `id_parcel` int(11) NOT NULL AUTO_INCREMENT, AUTO_INCREMENT=17;

--
-- AUTO_INCREMENT untuk tabel `tbl_produk`
--
ALTER TABLE `tbl_produk`
  MODIFY `id_produk` int(11) NOT NULL AUTO_INCREMENT, AUTO_INCREMENT=14;

--
-- AUTO_INCREMENT untuk tabel `tbl_shape`
--
ALTER TABLE `tbl_shape`
  MODIFY `id_shape` int(11) NOT NULL AUTO_INCREMENT, AUTO_INCREMENT=9;

--
-- AUTO_INCREMENT untuk tabel `tbl_user`
--
ALTER TABLE `tbl_user`
  MODIFY `id_user` int(11) NOT NULL AUTO_INCREMENT, AUTO_INCREMENT=2;
COMMIT;

/*!40101 SET CHARACTER_SET_CLIENT=@OLD_CHARACTER_SET_CLIENT */;
/*!40101 SET CHARACTER_SET_RESULTS=@OLD_CHARACTER_SET_RESULTS */;
/*!40101 SET COLLATION_CONNECTION=@OLD_COLLATION_CONNECTION */;
